<?xml version="1.0" encoding="UTF-8"?>
<!DOCTYPE mapper PUBLIC "-//mybatis.org//DTD Mapper 3.0//EN" "http://mybatis.org/dtd/mybatis-3-mapper.dtd">
<mapper namespace="hnu.houseweb.dao.AdminMapper">
  <resultMap id="BaseResultMap" type="hnu.houseweb.entity.Admin">
    <id column="adminNo" jdbcType="INTEGER" property="adminNo" />
    <result column="name" jdbcType="VARCHAR" property="name" />
    <result column="password" jdbcType="VARCHAR" property="password" />
  </resultMap>

  <sql id="Base_Column_List">
    adminNo, name, password
  </sql>
  <select id="selectByPrimaryKey" parameterType="java.lang.Integer" resultMap="BaseResultMap">
    select 
    <include refid="Base_Column_List" />
    from admin
    where adminNo = #{adminNo,jdbcType=INTEGER}
  </select>
  <delete id="deleteByPrimaryKey" parameterType="java.lang.Integer">
    delete from admin
    where adminNo = #{adminNo,jdbcType=INTEGER}
  </delete>
  <insert id="insert" parameterType="hnu.houseweb.entity.Admin">
    insert into admin (adminNo, name, password
      )
    values (#{adminNo,jdbcType=INTEGER}, #{name,jdbcType=VARCHAR}, #{password,jdbcType=VARCHAR}
      )
  </insert>
  <insert id="insertSelective" parameterType="hnu.houseweb.entity.Admin">
    insert into admin
    <trim prefix="(" suffix=")" suffixOverrides=",">
      <if test="adminNo != null">
        adminNo,
      </if>
      <if test="name != null">
        name,
      </if>
      <if test="password != null">
        password,
      </if>
    </trim>
    <trim prefix="values (" suffix=")" suffixOverrides=",">
      <if test="adminNo != null">
        #{adminNo,jdbcType=INTEGER},
      </if>
      <if test="name != null">
        #{name,jdbcType=VARCHAR},
      </if>
      <if test="password != null">
        #{password,jdbcType=VARCHAR},
      </if>
    </trim>
  </insert>
  <update id="updateByPrimaryKeySelective" parameterType="hnu.houseweb.entity.Admin">
    update admin
    <set>
      <if test="name != null">
        name = #{name,jdbcType=VARCHAR},
      </if>
      <if test="password != null">
        password = #{password,jdbcType=VARCHAR},
      </if>
    </set>
    where adminNo = #{adminNo,jdbcType=INTEGER}
  </update>
  <update id="updateByPrimaryKey" parameterType="hnu.houseweb.entity.Admin">
    update admin
    set name = #{name,jdbcType=VARCHAR},
      password = #{password,jdbcType=VARCHAR}
    where adminNo = #{adminNo,jdbcType=INTEGER}
  </update>
</mapper>