<?xml version="1.0" encoding="UTF-8"?>
<!DOCTYPE mapper PUBLIC "-//mybatis.org//DTD Mapper 3.0//EN" "http://mybatis.org/dtd/mybatis-3-mapper.dtd">
<mapper namespace="hnu.houseweb.dao.ContractMapper">
  <resultMap id="BaseResultMap" type="hnu.houseweb.entity.Contract">
    <id column="contractNo" jdbcType="INTEGER" property="contractNo" />
    <result column="userId" jdbcType="INTEGER" property="userId" />
    <result column="workNo" jdbcType="INTEGER" property="workNo" />
    <result column="created" jdbcType="TIMESTAMP" property="created" />
    <result column="contractSrc" jdbcType="VARCHAR" property="contractSrc" />
  </resultMap>
  <sql id="Base_Column_List">
    contractNo, userId, workNo, created, contractSrc
  </sql>
  <select id="selectByPrimaryKey" parameterType="java.lang.Integer" resultMap="BaseResultMap">
    select 
    <include refid="Base_Column_List" />
    from contract
    where contractNo = #{contractNo,jdbcType=INTEGER}
  </select>
  <delete id="deleteByPrimaryKey" parameterType="java.lang.Integer">
    delete from contract
    where contractNo = #{contractNo,jdbcType=INTEGER}
  </delete>
  <insert id="insert" parameterType="hnu.houseweb.entity.Contract">
    insert into contract (contractNo, userId, workNo,
      created, contractSrc)
    values (#{contractNo,jdbcType=INTEGER}, #{userId,jdbcType=INTEGER}, #{workNo,jdbcType=INTEGER},
      #{created,jdbcType=TIMESTAMP}, #{contractSrc,jdbcType=VARCHAR})
  </insert>
  <insert id="insertSelective" parameterType="hnu.houseweb.entity.Contract">
    insert into contract
    <trim prefix="(" suffix=")" suffixOverrides=",">
      <if test="contractNo != null">
        contractNo,
      </if>
      <if test="userId != null">
        userId,
      </if>
      <if test="workNo != null">
        workNo,
      </if>
      <if test="created != null">
        created,
      </if>
      <if test="contractSrc != null">
        contractSrc,
      </if>
    </trim>
    <trim prefix="values (" suffix=")" suffixOverrides=",">
      <if test="contractNo != null">
        #{contractNo,jdbcType=INTEGER},
      </if>
      <if test="userId != null">
        #{userId,jdbcType=INTEGER},
      </if>
      <if test="workNo != null">
        #{workNo,jdbcType=INTEGER},
      </if>
      <if test="created != null">
        #{created,jdbcType=TIMESTAMP},
      </if>
      <if test="contractSrc != null">
        #{contractSrc,jdbcType=VARCHAR},
      </if>
    </trim>
  </insert>
  <update id="updateByPrimaryKeySelective" parameterType="hnu.houseweb.entity.Contract">
    update contract
    <set>
      <if test="userId != null">
        userId = #{userId,jdbcType=INTEGER},
      </if>
      <if test="workNo != null">
        workNo = #{workNo,jdbcType=INTEGER},
      </if>
      <if test="created != null">
        created = #{created,jdbcType=TIMESTAMP},
      </if>
      <if test="contractSrc != null">
        contractSrc = #{contractSrc,jdbcType=VARCHAR},
      </if>
    </set>
    where contractNo = #{contractNo,jdbcType=INTEGER}
  </update>
  <update id="updateByPrimaryKey" parameterType="hnu.houseweb.entity.Contract">
    update contract
    set userId = #{userId,jdbcType=INTEGER},
      workNo = #{workNo,jdbcType=INTEGER},
      created = #{created,jdbcType=TIMESTAMP},
      contractSrc = #{contractSrc,jdbcType=VARCHAR}
    where contractNo = #{contractNo,jdbcType=INTEGER}
  </update>
</mapper>