<?xml version="1.0" encoding="UTF-8"?>
<!DOCTYPE mapper PUBLIC "-//mybatis.org//DTD Mapper 3.0//EN" "http://mybatis.org/dtd/mybatis-3-mapper.dtd">
<mapper namespace="hnu.houseweb.dao.RedListMapper">
  <resultMap id="BaseResultMap" type="hnu.houseweb.entity.RedList">
    <id column="adminNo" jdbcType="INTEGER" property="adminNo" />
    <id column="workNo" jdbcType="INTEGER" property="workNo" />
    <result column="reason" jdbcType="VARCHAR" property="reason" />
    <result column="created" jdbcType="DATE" property="created" />
  </resultMap>
  <sql id="Base_Column_List">
    adminNo, workNo, reason, created
  </sql>
  <select id="selectByPrimaryKey" parameterType="hnu.houseweb.entity.RedListKey" resultMap="BaseResultMap">
    select 
    <include refid="Base_Column_List" />
    from redList
    where adminNo = #{adminNo,jdbcType=INTEGER}
      and workNo = #{workNo,jdbcType=INTEGER}
  </select>
  <delete id="deleteByPrimaryKey" parameterType="hnu.houseweb.entity.RedListKey">
    delete from redList
    where adminNo = #{adminNo,jdbcType=INTEGER}
      and workNo = #{workNo,jdbcType=INTEGER}
  </delete>
  <insert id="insert" parameterType="hnu.houseweb.entity.RedList">
    insert into redList (adminNo, workNo, reason,
      created)
    values (#{adminNo,jdbcType=INTEGER}, #{workNo,jdbcType=INTEGER}, #{reason,jdbcType=VARCHAR},
      #{created,jdbcType=DATE})
  </insert>
  <insert id="insertSelective" parameterType="hnu.houseweb.entity.RedList">
    insert into redList
    <trim prefix="(" suffix=")" suffixOverrides=",">
      <if test="adminNo != null">
        adminNo,
      </if>
      <if test="workNo != null">
        workNo,
      </if>
      <if test="reason != null">
        reason,
      </if>
      <if test="created != null">
        created,
      </if>
    </trim>
    <trim prefix="values (" suffix=")" suffixOverrides=",">
      <if test="adminNo != null">
        #{adminNo,jdbcType=INTEGER},
      </if>
      <if test="workNo != null">
        #{workNo,jdbcType=INTEGER},
      </if>
      <if test="reason != null">
        #{reason,jdbcType=VARCHAR},
      </if>
      <if test="created != null">
        #{created,jdbcType=DATE},
      </if>
    </trim>
  </insert>
  <update id="updateByPrimaryKeySelective" parameterType="hnu.houseweb.entity.RedList">
    update redList
    <set>
      <if test="reason != null">
        reason = #{reason,jdbcType=VARCHAR},
      </if>
      <if test="created != null">
        created = #{created,jdbcType=DATE},
      </if>
    </set>
    where adminNo = #{adminNo,jdbcType=INTEGER}
      and workNo = #{workNo,jdbcType=INTEGER}
  </update>
  <update id="updateByPrimaryKey" parameterType="hnu.houseweb.entity.RedList">
    update redList
    set reason = #{reason,jdbcType=VARCHAR},
      created = #{created,jdbcType=DATE}
    where adminNo = #{adminNo,jdbcType=INTEGER}
      and workNo = #{workNo,jdbcType=INTEGER}
  </update>
</mapper>