<?xml version="1.0" encoding="UTF-8"?>
<!DOCTYPE mapper PUBLIC "-//mybatis.org//DTD Mapper 3.0//EN" "http://mybatis.org/dtd/mybatis-3-mapper.dtd">
<mapper namespace="hnu.houseweb.dao.CollectMapper">
  <resultMap id="BaseResultMap" type="hnu.houseweb.entity.Collect">
    <id column="userId" jdbcType="INTEGER" property="userId" />
    <id column="houseNo" jdbcType="INTEGER" property="houseNo" />
    <result column="created" jdbcType="TIMESTAMP" property="created" />
  </resultMap>
  <sql id="Base_Column_List">
    userId, houseNo, created
  </sql>
  <select id="selectByPrimaryKey" parameterType="hnu.houseweb.entity.CollectKey" resultMap="BaseResultMap">
    select 
    <include refid="Base_Column_List" />
    from collect
    where userId = #{userId,jdbcType=INTEGER}
      and houseNo = #{houseNo,jdbcType=INTEGER}
  </select>

  <select id="collectNumOfHouse" parameterType="int" resultType="int">
     select count(houseNo) from
     collect
     where collect.houseNo = #{houseNo,jdbcType=INTEGER}
  </select>

  <delete id="deleteByPrimaryKey" parameterType="hnu.houseweb.entity.CollectKey">
    delete from collect
    where userId = #{userId,jdbcType=INTEGER}
      and houseNo = #{houseNo,jdbcType=INTEGER}
  </delete>
  <insert id="insert" parameterType="hnu.houseweb.entity.Collect">
    insert into collect (userId, houseNo, created
      )
    values (#{userId,jdbcType=INTEGER}, #{houseNo,jdbcType=INTEGER}, #{created,jdbcType=TIMESTAMP}
      )
  </insert>
  <insert id="insertSelective" parameterType="hnu.houseweb.entity.Collect">
    insert into collect
    <trim prefix="(" suffix=")" suffixOverrides=",">
      <if test="userId != null">
        userId,
      </if>
      <if test="houseNo != null">
        houseNo,
      </if>
      <if test="created != null">
        created,
      </if>
    </trim>
    <trim prefix="values (" suffix=")" suffixOverrides=",">
      <if test="userId != null">
        #{userId,jdbcType=INTEGER},
      </if>
      <if test="houseNo != null">
        #{houseNo,jdbcType=INTEGER},
      </if>
      <if test="created != null">
        #{created,jdbcType=TIMESTAMP},
      </if>
    </trim>
  </insert>
  <update id="updateByPrimaryKeySelective" parameterType="hnu.houseweb.entity.Collect">
    update collect
    <set>
      <if test="created != null">
        created = #{created,jdbcType=TIMESTAMP},
      </if>
    </set>
    where userId = #{userId,jdbcType=INTEGER}
      and houseNo = #{houseNo,jdbcType=INTEGER}
  </update>
  <update id="updateByPrimaryKey" parameterType="hnu.houseweb.entity.Collect">
    update collect
    set created = #{created,jdbcType=TIMESTAMP}
    where userId = #{userId,jdbcType=INTEGER}
      and houseNo = #{houseNo,jdbcType=INTEGER}
  </update>
</mapper>