<?xml version="1.0" encoding="UTF-8"?>
<!DOCTYPE mapper PUBLIC "-//mybatis.org//DTD Mapper 3.0//EN" "http://mybatis.org/dtd/mybatis-3-mapper.dtd">
<mapper namespace="hnu.houseweb.dao.HouseReviewMapper">
  <resultMap id="BaseResultMap" type="hnu.houseweb.entity.HouseReview">
    <id column="adminNo" jdbcType="INTEGER" property="adminNo" />
    <id column="houseNo" jdbcType="INTEGER" property="houseNo" />
    <result column="created" jdbcType="TIMESTAMP" property="created" />
    <result column="result" jdbcType="CHAR" property="result" />
    <result column="comment" jdbcType="VARCHAR" property="comment" />
  </resultMap>
  <sql id="Base_Column_List">
    adminNo, houseNo, created, result, comment
  </sql>
  <select id="selectByPrimaryKey" parameterType="hnu.houseweb.entity.HouseReviewKey" resultMap="BaseResultMap">
    select 
    <include refid="Base_Column_List" />
    from houseReview
    where adminNo = #{adminNo,jdbcType=INTEGER}
      and houseNo = #{houseNo,jdbcType=INTEGER}
  </select>
  <delete id="deleteByPrimaryKey" parameterType="hnu.houseweb.entity.HouseReviewKey">
    delete from houseReview
    where adminNo = #{adminNo,jdbcType=INTEGER}
      and houseNo = #{houseNo,jdbcType=INTEGER}
  </delete>
  <insert id="insert" parameterType="hnu.houseweb.entity.HouseReview">
    insert into houseReview (adminNo, houseNo, created,
      result, comment)
    values (#{adminNo,jdbcType=INTEGER}, #{houseNo,jdbcType=INTEGER}, #{created,jdbcType=TIMESTAMP},
      #{result,jdbcType=CHAR}, #{comment,jdbcType=VARCHAR})
  </insert>
  <insert id="insertSelective" parameterType="hnu.houseweb.entity.HouseReview">
    insert into houseReview
    <trim prefix="(" suffix=")" suffixOverrides=",">
      <if test="adminNo != null">
        adminNo,
      </if>
      <if test="houseNo != null">
        houseNo,
      </if>
      <if test="created != null">
        created,
      </if>
      <if test="result != null">
        result,
      </if>
      <if test="comment != null">
        comment,
      </if>
    </trim>
    <trim prefix="values (" suffix=")" suffixOverrides=",">
      <if test="adminNo != null">
        #{adminNo,jdbcType=INTEGER},
      </if>
      <if test="houseNo != null">
        #{houseNo,jdbcType=INTEGER},
      </if>
      <if test="created != null">
        #{created,jdbcType=TIMESTAMP},
      </if>
      <if test="result != null">
        #{result,jdbcType=CHAR},
      </if>
      <if test="comment != null">
        #{comment,jdbcType=VARCHAR},
      </if>
    </trim>
  </insert>
  <update id="updateByPrimaryKeySelective" parameterType="hnu.houseweb.entity.HouseReview">
    update houseReview
    <set>
      <if test="created != null">
        created = #{created,jdbcType=TIMESTAMP},
      </if>
      <if test="result != null">
        result = #{result,jdbcType=CHAR},
      </if>
      <if test="comment != null">
        comment = #{comment,jdbcType=VARCHAR},
      </if>
    </set>
    where adminNo = #{adminNo,jdbcType=INTEGER}
      and houseNo = #{houseNo,jdbcType=INTEGER}
  </update>
  <update id="updateByPrimaryKey" parameterType="hnu.houseweb.entity.HouseReview">
    update houseReview
    set created = #{created,jdbcType=TIMESTAMP},
      result = #{result,jdbcType=CHAR},
      comment = #{comment,jdbcType=VARCHAR}
    where adminNo = #{adminNo,jdbcType=INTEGER}
      and houseNo = #{houseNo,jdbcType=INTEGER}
  </update>
</mapper>