<?xml version="1.0" encoding="UTF-8"?>
<!DOCTYPE mapper PUBLIC "-//mybatis.org//DTD Mapper 3.0//EN" "http://mybatis.org/dtd/mybatis-3-mapper.dtd">
<mapper namespace="hnu.houseweb.dao.QuestionMapper">
  <resultMap id="BaseResultMap" type="hnu.houseweb.entity.Question">
    <id column="questionNo" jdbcType="INTEGER" property="questionNo" />
    <result column="houseNo" jdbcType="INTEGER" property="houseNo" />
    <result column="userId" jdbcType="INTEGER" property="userId" />
    <result column="created" jdbcType="TIMESTAMP" property="created" />
    <result column="questionContent" jdbcType="VARCHAR" property="questionContent" />
  </resultMap>
  <sql id="Base_Column_List">
    questionNo, houseNo, userId, created, questionContent
  </sql>
  <select id="selectByPrimaryKey" parameterType="java.lang.Integer" resultMap="BaseResultMap">
    select 
    <include refid="Base_Column_List" />
    from question
    where questionNo = #{questionNo,jdbcType=INTEGER}
  </select>
  <delete id="deleteByPrimaryKey" parameterType="java.lang.Integer">
    delete from question
    where questionNo = #{questionNo,jdbcType=INTEGER}
  </delete>
  <insert id="insert" parameterType="hnu.houseweb.entity.Question">
    insert into question (questionNo, houseNo, userId,
      created, questionContent)
    values (#{questionNo,jdbcType=INTEGER}, #{houseNo,jdbcType=INTEGER}, #{userId,jdbcType=INTEGER},
      #{created,jdbcType=TIMESTAMP}, #{questionContent,jdbcType=VARCHAR})
  </insert>
  <insert id="insertSelective" parameterType="hnu.houseweb.entity.Question">
    insert into question
    <trim prefix="(" suffix=")" suffixOverrides=",">
      <if test="questionNo != null">
        questionNo,
      </if>
      <if test="houseNo != null">
        houseNo,
      </if>
      <if test="userId != null">
        userId,
      </if>
      <if test="created != null">
        created,
      </if>
      <if test="questionContent != null">
        questionContent,
      </if>
    </trim>
    <trim prefix="values (" suffix=")" suffixOverrides=",">
      <if test="questionNo != null">
        #{questionNo,jdbcType=INTEGER},
      </if>
      <if test="houseNo != null">
        #{houseNo,jdbcType=INTEGER},
      </if>
      <if test="userId != null">
        #{userId,jdbcType=INTEGER},
      </if>
      <if test="created != null">
        #{created,jdbcType=TIMESTAMP},
      </if>
      <if test="questionContent != null">
        #{questionContent,jdbcType=VARCHAR},
      </if>
    </trim>
  </insert>
  <update id="updateByPrimaryKeySelective" parameterType="hnu.houseweb.entity.Question">
    update question
    <set>
      <if test="houseNo != null">
        houseNo = #{houseNo,jdbcType=INTEGER},
      </if>
      <if test="userId != null">
        userId = #{userId,jdbcType=INTEGER},
      </if>
      <if test="created != null">
        created = #{created,jdbcType=TIMESTAMP},
      </if>
      <if test="questionContent != null">
        questionContent = #{questionContent,jdbcType=VARCHAR},
      </if>
    </set>
    where questionNo = #{questionNo,jdbcType=INTEGER}
  </update>
  <update id="updateByPrimaryKey" parameterType="hnu.houseweb.entity.Question">
    update question
    set houseNo = #{houseNo,jdbcType=INTEGER},
      userId = #{userId,jdbcType=INTEGER},
      created = #{created,jdbcType=TIMESTAMP},
      questionContent = #{questionContent,jdbcType=VARCHAR}
    where questionNo = #{questionNo,jdbcType=INTEGER}
  </update>
</mapper>