<?xml version="1.0" encoding="UTF-8"?>
<!DOCTYPE mapper PUBLIC "-//mybatis.org//DTD Mapper 3.0//EN" "http://mybatis.org/dtd/mybatis-3-mapper.dtd">
<mapper namespace="hnu.houseweb.dao.ServiceEvaluationMapper">
  <resultMap id="BaseResultMap" type="hnu.houseweb.entity.ServiceEvaluation">
    <id column="workNo" jdbcType="INTEGER" property="workNo" />
    <id column="userId" jdbcType="INTEGER" property="userId" />
    <result column="starLevel" jdbcType="INTEGER" property="starLevel" />
    <result column="signNo" jdbcType="VARCHAR" property="signNo" />
    <result column="description" jdbcType="VARCHAR" property="description" />
    <result column="created" jdbcType="DATE" property="created" />
  </resultMap>
  <sql id="Base_Column_List">
    workNo, userId, starLevel, signNo, description, created
  </sql>
  <select id="selectByPrimaryKey" parameterType="hnu.houseweb.entity.ServiceEvaluationKey" resultMap="BaseResultMap">
    select 
    <include refid="Base_Column_List" />
    from serviceEvaluation
    where workNo = #{workNo,jdbcType=INTEGER}
      and userId = #{userId,jdbcType=INTEGER}
  </select>
  <delete id="deleteByPrimaryKey" parameterType="hnu.houseweb.entity.ServiceEvaluationKey">
    delete from serviceEvaluation
    where workNo = #{workNo,jdbcType=INTEGER}
      and userId = #{userId,jdbcType=INTEGER}
  </delete>
  <insert id="insert" parameterType="hnu.houseweb.entity.ServiceEvaluation">
    insert into serviceEvaluation (workNo, userId, starLevel,
      signNo, description, created
      )
    values (#{workNo,jdbcType=INTEGER}, #{userId,jdbcType=INTEGER}, #{starLevel,jdbcType=INTEGER},
      #{signNo,jdbcType=VARCHAR}, #{description,jdbcType=VARCHAR}, #{created,jdbcType=DATE}
      )
  </insert>
  <insert id="insertSelective" parameterType="hnu.houseweb.entity.ServiceEvaluation">
    insert into serviceEvaluation
    <trim prefix="(" suffix=")" suffixOverrides=",">
      <if test="workNo != null">
        workNo,
      </if>
      <if test="userId != null">
        userId,
      </if>
      <if test="starLevel != null">
        starLevel,
      </if>
      <if test="signNo != null">
        signNo,
      </if>
      <if test="description != null">
        description,
      </if>
      <if test="created != null">
        created,
      </if>
    </trim>
    <trim prefix="values (" suffix=")" suffixOverrides=",">
      <if test="workNo != null">
        #{workNo,jdbcType=INTEGER},
      </if>
      <if test="userId != null">
        #{userId,jdbcType=INTEGER},
      </if>
      <if test="starLevel != null">
        #{starLevel,jdbcType=INTEGER},
      </if>
      <if test="signNo != null">
        #{signNo,jdbcType=VARCHAR},
      </if>
      <if test="description != null">
        #{description,jdbcType=VARCHAR},
      </if>
      <if test="created != null">
        #{created,jdbcType=DATE},
      </if>
    </trim>
  </insert>
  <update id="updateByPrimaryKeySelective" parameterType="hnu.houseweb.entity.ServiceEvaluation">
    update serviceEvaluation
    <set>
      <if test="starLevel != null">
        starLevel = #{starLevel,jdbcType=INTEGER},
      </if>
      <if test="signNo != null">
        signNo = #{signNo,jdbcType=VARCHAR},
      </if>
      <if test="description != null">
        description = #{description,jdbcType=VARCHAR},
      </if>
      <if test="created != null">
        created = #{created,jdbcType=DATE},
      </if>
    </set>
    where workNo = #{workNo,jdbcType=INTEGER}
      and userId = #{userId,jdbcType=INTEGER}
  </update>
  <update id="updateByPrimaryKey" parameterType="hnu.houseweb.entity.ServiceEvaluation">
    update serviceEvaluation
    set starLevel = #{starLevel,jdbcType=INTEGER},
      signNo = #{signNo,jdbcType=VARCHAR},
      description = #{description,jdbcType=VARCHAR},
      created = #{created,jdbcType=DATE}
    where workNo = #{workNo,jdbcType=INTEGER}
      and userId = #{userId,jdbcType=INTEGER}
  </update>
</mapper>